1,64,18,2024-06-10,Checkout,Drop-off,NULL
2,94,11,2025-07-09,Checkout,Drop-off,NULL
3,34,8,2024-06-14,ProductPage,View,235
4,33,18,2025-05-28,Checkout,Drop-off,NULL
5,91,10,2023-02-11,Homepage,Click,156
6,54,11,2025-12-19,Homepage,View,264
7,80,4,2023-08-25,Homepage,View,298
8,99,10,2025-07-03,ProductPage,View,287
9,31,4,2025-06-13,ProductPage,View,278
10,44,16,2025-04-23,ProductPage,View,30
11,23,12,2023-08-22,Checkout,Drop-off,NULL
12,97,12,2023-07-28,ProductPage,View,227
13,83,5,2024-06-20,Homepage,View,223
14,14,13,2025-11-01,ProductPage,View,13
15,9,1,2025-11-04,ProductPage,View,292
16,14,16,2024-07-17,Homepage,View,46
17,67,2,2025-12-11,Homepage,View,185
18,70,15,2025-10-13,Homepage,View,191
19,9,1,2024-08-15,Homepage,View,187
20,44,18,2024-02-19,productpage,View,154
21,58,20,2024-03-07,Checkout,Drop-off,NULL
22,12,1,2025-11-19,Homepage,Click,20
23,58,1,2023-07-05,Homepage,View,48
24,77,6,2025-06-25,Checkout,Drop-off,NULL
25,75,12,2023-11-23,ProductPage,View,239
26,78,20,2024-04-17,Homepage,View,129
27,36,9,2024-08-10,Homepage,View,214
28,1,20,2025-09-26,ProductPage,View,64
29,12,17,2025-06-01,Homepage,View,205
30,48,2,2023-05-03,ProductPage,View,242
31,81,19,2023-04-04,Homepage,View,130
32,67,11,2023-09-04,Checkout,Drop-off,NULL
33,2,5,2025-08-10,Homepage,View,26
34,55,15,2023-10-26,Homepage,View,233
35,60,19,2023-06-21,homepage,Click,162
36,17,2,2023-11-20,Checkout,Purchase,137
37,38,17,2024-06-18,Checkout,Drop-off,NULL
38,13,18,2023-02-23,ProductPage,View,227
39,63,18,2023-08-10,ProductPage,View,233
40,4,12,2024-12-22,Homepage,View,110
41,92,5,2025-11-23,ProductPage,View,124
42,95,10,2025-01-28,Homepage,View,172
43,21,8,2025-03-14,Homepage,View,40
44,29,3,2024-02-29,Homepage,View,193
45,94,6,2023-06-07,productpage,View,118
46,30,19,2025-10-27,Homepage,View,210
47,30,20,2024-02-18,checkout,Drop-off,NULL
48,52,13,2025-02-01,Homepage,View,241
49,93,14,2023-04-09,Homepage,Click,69
50,5,9,2024-04-19,Homepage,View,44
51,65,8,2025-09-29,ProductPage,View,272
52,15,9,2025-08-07,Checkout,Drop-off,NULL
53,24,4,2024-04-05,Homepage,View,182
54,9,11,2024-11-19,checkout,Drop-off,NULL
55,1,7,2024-03-17,Checkout,Drop-off,NULL
56,97,11,2023-12-20,Homepage,Click,234
57,52,14,2024-12-02,Homepage,View,253
58,51,20,2025-03-08,ProductPage,View,174
59,32,8,2024-08-19,Homepage,View,238
60,19,6,2025-06-17,ProductPage,View,190
61,69,20,2025-07-12,Homepage,Click,14
62,42,1,2024-10-22,Homepage,View,186
63,51,15,2025-05-22,Homepage,View,139
64,86,20,2023-07-03,ProductPage,View,77
65,54,10,2023-12-23,Homepage,View,101
66,52,2,2023-11-16,homepage,Click,242
67,25,1,2023-05-21,ProductPage,Click,57
68,45,16,2023-04-29,ProductPage,Click,250
69,82,19,2025-02-21,ProductPage,Click,158
70,75,17,2023-07-07,Homepage,View,297
71,40,20,2023-07-13,Checkout,Drop-off,NULL
72,47,15,2023-08-23,Homepage,Click,34
73,20,16,2024-09-17,Homepage,View,17
74,81,13,2024-09-26,Homepage,Click,291
75,93,1,2024-10-01,ProductPage,Click,279
76,42,17,2025-05-29,Checkout,Purchase,261
77,36,4,2023-06-02,Homepage,Click,100
78,46,17,2025-06-15,Checkout,Purchase,122
79,75,10,2023-11-13,Homepage,View,244
80,64,6,2025-04-06,Homepage,Click,161
81,89,15,2025-10-27,Checkout,Purchase,246
82,64,2,2025-06-07,Homepage,Click,261
83,54,8,2024-01-18,ProductPage,Click,83
84,79,15,2025-03-09,Checkout,Purchase,48
85,56,4,2023-05-26,Homepage,Click,166
86,83,3,2023-09-06,Homepage,View,79
87,2,2,2023-09-25,Homepage,View,277
88,15,20,2025-12-18,homepage,View,136
89,14,9,2025-04-18,Homepage,Click,104
90,49,8,2025-03-25,Homepage,View,248
91,99,10,2023-12-07,Homepage,Click,244
92,88,14,2025-03-09,Homepage,View,29
93,43,8,2023-08-22,Checkout,Drop-off,NULL
94,15,18,2024-09-20,Homepage,Click,143
95,60,8,2024-09-14,Homepage,View,182
96,22,9,2024-07-28,ProductPage,View,212
97,92,19,2025-05-26,homepage,View,203
98,95,8,2025-05-25,Homepage,Click,68
99,58,16,2024-07-06,Checkout,Purchase,87
100,92,10,2024-04-06,ProductPage,View,237
101,24,12,2024-04-14,Homepage,Click,37
102,33,16,2024-04-23,Homepage,View,165
103,7,11,2025-12-06,Checkout,Drop-off,NULL
104,51,18,2023-05-03,Homepage,Click,156
105,68,2,2023-11-19,Homepage,View,80
106,90,11,2024-10-03,productpage,View,96
107,76,19,2023-03-15,ProductPage,View,215
108,14,5,2023-03-06,ProductPage,View,245
109,65,7,2025-08-14,Checkout,Drop-off,NULL
110,20,18,2023-02-07,ProductPage,View,232
111,72,12,2023-06-11,homepage,View,264
112,30,12,2025-04-16,ProductPage,View,203
113,79,18,2025-12-15,Checkout,Drop-off,NULL
114,92,10,2023-06-26,ProductPage,View,38
115,38,14,2024-01-07,Homepage,View,297
116,27,1,2024-04-29,ProductPage,View,297
117,46,5,2025-12-14,ProductPage,View,103
118,26,14,2025-04-25,ProductPage,View,71
119,93,20,2025-03-13,Homepage,Click,172
120,37,17,2024-02-29,Checkout,Purchase,180
121,86,5,2025-10-17,homepage,Click,33
122,96,19,2025-10-22,ProductPage,Click,201
123,59,15,2024-04-10,Homepage,View,93
124,10,8,2024-07-27,ProductPage,View,262
125,67,19,2025-06-07,Checkout,Drop-off,NULL
126,39,4,2025-01-14,Homepage,Click,142
127,5,4,2023-12-11,Homepage,View,287
128,34,8,2023-07-03,Homepage,Click,13
129,91,20,2025-07-05,Homepage,Click,283
130,41,13,2024-09-07,Homepage,Click,73
131,98,13,2025-01-09,Homepage,View,15
132,68,14,2023-06-17,productpage,View,56
133,46,20,2024-06-20,Homepage,View,74
134,40,9,2023-12-14,Homepage,Click,34
135,52,20,2025-05-03,ProductPage,Click,168
136,77,2,2024-05-29,Homepage,View,129
137,40,6,2023-02-07,ProductPage,View,85
138,26,18,2025-05-11,ProductPage,View,172
139,24,5,2025-11-13,Homepage,View,248
140,11,12,2024-01-26,checkout,Drop-off,NULL
141,57,7,2024-07-01,ProductPage,View,15
142,53,14,2024-05-31,Homepage,Click,10
143,95,17,2025-03-13,Homepage,Click,262
144,95,12,2025-09-17,Homepage,Click,179
145,60,19,2025-10-21,Homepage,Click,62
146,86,1,2025-12-07,Homepage,View,208
147,86,18,2023-04-21,Homepage,View,294
148,15,3,2025-10-22,ProductPage,View,185
149,93,7,2024-05-27,ProductPage,View,18
150,58,16,2024-04-20,Homepage,Click,263
151,79,20,2023-11-04,checkout,Purchase,298
152,85,5,2024-07-02,Checkout,Drop-off,NULL
153,39,19,2025-09-19,homepage,Click,253
154,85,20,2023-08-04,Homepage,View,22
155,82,2,2023-05-12,Homepage,View,195
156,26,3,2024-10-18,checkout,Drop-off,NULL
157,96,20,2025-09-10,Homepage,View,86
158,17,18,2025-11-19,Homepage,Click,97
159,36,7,2024-03-21,ProductPage,Click,160
160,83,12,2025-12-20,Checkout,Purchase,240
161,17,19,2025-01-15,ProductPage,View,50
162,52,10,2024-03-30,ProductPage,View,139
163,49,2,2024-02-20,Homepage,View,101
164,90,9,2025-10-19,Homepage,Click,226
165,93,15,2024-09-18,Homepage,Click,169
166,44,13,2024-09-27,Checkout,Purchase,141
167,8,4,2023-02-18,ProductPage,View,133
168,88,17,2023-04-03,ProductPage,View,274
169,40,19,2023-03-03,homepage,View,255
170,98,13,2025-10-20,ProductPage,View,33
171,29,2,2023-09-09,Homepage,Click,287
172,33,8,2023-10-30,ProductPage,Click,212
173,64,5,2024-08-28,ProductPage,Click,231
174,62,7,2024-12-12,Homepage,Click,299
175,82,16,2025-10-17,Checkout,Purchase,291
176,80,6,2023-05-12,Checkout,Drop-off,NULL
177,5,17,2024-03-06,ProductPage,View,237
178,93,10,2023-02-03,Homepage,View,100
179,99,5,2025-06-02,productpage,View,187
180,54,17,2024-11-26,Homepage,View,110
181,44,20,2025-05-19,Checkout,Drop-off,NULL
182,33,13,2025-04-22,ProductPage,View,248
183,54,16,2024-08-21,ProductPage,View,129
184,7,11,2024-09-30,ProductPage,View,250
185,27,6,2023-12-29,ProductPage,View,165
186,25,2,2024-01-04,ProductPage,View,287
187,51,14,2025-09-22,Checkout,Drop-off,NULL
188,94,2,2025-01-27,Homepage,View,21
189,57,8,2023-08-20,Checkout,Drop-off,NULL
190,90,18,2024-02-14,Homepage,View,257
191,40,10,2023-07-19,homepage,Click,100
192,82,3,2023-03-31,Checkout,Purchase,118
193,88,13,2025-09-22,Homepage,Click,121
194,13,11,2025-04-27,Homepage,View,54
195,8,4,2025-08-12,Homepage,Click,16
196,25,8,2025-08-23,ProductPage,Click,25
197,29,9,2024-10-07,ProductPage,Click,295
198,70,8,2025-12-23,Homepage,View,275
199,43,11,2024-02-02,ProductPage,View,17
200,83,18,2024-02-24,ProductPage,View,78
201,75,10,2025-04-25,Checkout,Drop-off,NULL
202,87,12,2023-04-22,ProductPage,View,145
203,44,11,2024-12-28,Homepage,View,230
204,99,20,2025-09-01,Homepage,Click,21
205,41,19,2023-03-03,homepage,View,282
206,39,5,2023-04-21,ProductPage,View,118
207,46,3,2023-02-02,Homepage,Click,224
208,43,4,2023-12-30,ProductPage,Drop-off,NULL
209,36,12,2025-10-08,ProductPage,View,246
210,63,7,2023-09-07,Checkout,Drop-off,NULL
211,54,9,2024-04-19,ProductPage,View,255
212,99,15,2025-03-03,Homepage,View,269
213,54,3,2025-03-07,ProductPage,View,145
214,33,9,2023-01-10,productpage,View,200
215,71,7,2024-06-08,Checkout,Drop-off,NULL
216,33,6,2023-01-05,Checkout,Drop-off,NULL
217,82,16,2023-08-26,Homepage,View,118
218,19,3,2025-05-04,Homepage,View,155
219,15,10,2024-12-29,Homepage,Click,280
220,43,5,2024-07-11,ProductPage,Click,235
221,52,12,2025-08-19,Homepage,View,213
222,66,15,2024-03-02,Homepage,View,227
223,53,1,2024-03-07,ProductPage,View,184
224,84,10,2025-03-21,Checkout,Drop-off,NULL
225,12,10,2023-11-27,ProductPage,View,163
226,72,20,2023-06-03,Homepage,Click,206
227,7,6,2024-05-01,productpage,Click,171
228,40,6,2023-01-15,Homepage,Click,174
229,16,17,2025-01-30,ProductPage,Drop-off,NULL
230,78,20,2025-11-13,ProductPage,View,176
231,61,12,2025-07-31,Homepage,View,206
232,81,2,2025-06-28,Checkout,Drop-off,NULL
233,92,15,2023-05-11,ProductPage,View,252
234,54,20,2025-02-02,ProductPage,View,191
235,33,7,2024-01-25,ProductPage,View,109
236,10,11,2025-07-27,Homepage,Click,209
237,29,4,2023-06-26,Homepage,Click,260
238,93,14,2025-08-29,Homepage,View,153
239,60,13,2024-04-28,Checkout,Drop-off,NULL
240,15,9,2023-09-16,Homepage,Click,103
241,63,18,2024-06-17,Checkout,Purchase,101
242,76,3,2023-01-31,Homepage,View,23
243,82,9,2024-04-20,Homepage,Click,255
244,3,5,2025-04-24,ProductPage,Click,187
245,69,20,2024-04-06,ProductPage,Click,283
246,90,4,2024-08-10,ProductPage,Click,154
247,26,9,2023-10-26,Homepage,View,97
248,35,20,2024-02-23,Homepage,Click,46
249,58,7,2023-07-21,Homepage,View,133
250,81,13,2025-10-12,ProductPage,View,209
251,13,6,2023-12-10,Homepage,View,102
252,87,19,2023-01-13,Homepage,View,208
253,71,11,2023-01-07,Homepage,Click,279
254,12,12,2025-02-09,Homepage,Click,255
255,95,9,2024-09-19,ProductPage,Click,239
256,32,8,2025-06-04,ProductPage,Click,59
257,30,20,2024-10-07,productpage,Click,163
258,34,5,2023-11-13,Homepage,View,146
259,92,14,2024-10-12,Homepage,Click,16
260,100,17,2025-07-15,Homepage,View,265
261,23,5,2025-10-07,Homepage,View,239
262,52,16,2023-10-07,ProductPage,View,53
263,94,8,2024-03-09,ProductPage,View,185
264,3,2,2024-09-05,ProductPage,View,222
265,99,16,2023-03-09,Homepage,Click,235
266,57,9,2024-02-11,Homepage,View,185
267,6,7,2025-04-17,Checkout,Drop-off,NULL
268,67,8,2025-02-02,Homepage,View,285
269,9,7,2025-11-14,homepage,Click,16
270,66,9,2023-06-22,Checkout,Purchase,296
271,20,4,2025-08-19,Checkout,Drop-off,NULL
272,17,10,2023-08-03,checkout,Drop-off,NULL
273,87,1,2025-03-22,Checkout,Drop-off,NULL
274,95,19,2023-09-28,checkout,Drop-off,NULL
275,88,13,2023-11-05,Checkout,Drop-off,NULL
276,27,19,2023-11-22,Checkout,Drop-off,NULL
277,63,12,2025-10-06,ProductPage,View,300
278,78,8,2024-01-07,ProductPage,View,125
279,97,1,2025-02-25,Checkout,Drop-off,NULL
280,69,15,2023-09-17,Homepage,Click,223
281,10,4,2025-01-06,Homepage,View,236
282,67,12,2024-07-10,Homepage,View,256
283,90,14,2025-01-05,productpage,View,106
284,88,7,2023-09-25,Homepage,Click,278
285,58,4,2024-06-11,Checkout,Purchase,269
286,51,19,2023-08-01,Homepage,View,243
287,100,13,2023-01-12,Checkout,Drop-off,NULL
288,6,1,2023-04-11,Homepage,Click,128
289,90,12,2025-08-15,Checkout,Purchase,148
290,49,20,2023-04-13,Checkout,Drop-off,NULL
291,32,6,2023-11-02,homepage,Click,264
292,39,15,2023-06-04,ProductPage,Click,201
293,18,19,2023-09-08,ProductPage,Click,77
294,41,5,2023-07-31,Homepage,Click,121
295,92,19,2023-03-28,Checkout,Purchase,220
296,50,4,2024-10-14,Checkout,Drop-off,NULL
297,74,4,2024-03-04,homepage,Click,163
298,84,10,2024-12-19,Checkout,Purchase,80
299,7,9,2025-10-27,Homepage,View,195
300,91,16,2023-09-20,Checkout,Drop-off,NULL
301,84,3,2023-01-15,ProductPage,View,148
302,14,10,2023-08-16,Checkout,Drop-off,NULL
303,80,9,2024-05-24,Homepage,View,212
304,91,12,2023-05-06,ProductPage,View,43
305,74,20,2025-09-04,ProductPage,View,41
306,71,2,2023-07-14,Homepage,Click,179
307,85,11,2025-02-16,ProductPage,Click,209
308,80,12,2025-03-12,homepage,Click,178
309,38,11,2024-08-16,ProductPage,Click,176
310,73,18,2023-11-04,ProductPage,Click,216
311,33,19,2024-02-10,ProductPage,Click,67
312,9,11,2023-05-15,Checkout,Purchase,165
313,85,5,2023-10-07,ProductPage,View,140
314,75,11,2024-12-29,Homepage,View,297
315,21,6,2023-11-05,Homepage,Click,74
316,91,19,2025-11-12,homepage,Click,260
317,13,6,2023-03-22,Homepage,View,88
318,13,4,2025-02-01,Homepage,View,221
319,64,10,2025-07-17,Homepage,View,99
320,94,8,2025-11-29,Checkout,Drop-off,NULL
321,10,3,2024-11-24,Checkout,Drop-off,NULL
322,22,18,2024-05-25,ProductPage,View,18
323,44,19,2025-04-08,Homepage,View,254
324,77,9,2025-03-06,ProductPage,View,275
325,47,7,2023-01-31,Checkout,Drop-off,NULL
326,79,19,2024-11-30,Homepage,View,69
327,11,14,2024-04-29,Homepage,View,204
328,46,16,2024-12-22,ProductPage,View,52
329,88,15,2023-02-24,Homepage,Click,221
330,3,14,2024-04-11,Checkout,Purchase,249
331,2,8,2025-05-07,productpage,View,128
332,68,6,2025-02-26,Homepage,View,111
333,42,7,2024-05-15,Homepage,Click,217
334,43,18,2024-09-24,Homepage,Click,160
335,93,16,2024-09-22,ProductPage,Click,248
336,74,11,2025-03-08,Homepage,Click,237
337,71,1,2024-11-19,Homepage,Click,94
338,51,3,2024-06-18,ProductPage,Click,288
339,37,6,2024-11-07,ProductPage,Drop-off,NULL
340,63,20,2025-05-22,ProductPage,View,98
341,79,11,2025-02-12,Homepage,View,16
342,23,17,2024-06-19,ProductPage,View,109
343,50,12,2025-07-07,Checkout,Drop-off,NULL
344,77,1,2025-04-05,Homepage,View,14
345,27,6,2024-12-22,Checkout,Drop-off,NULL
346,68,11,2024-06-12,Homepage,Click,284
347,76,16,2024-06-23,ProductPage,Click,117
348,10,5,2025-01-27,Homepage,View,144
349,89,4,2023-12-15,ProductPage,View,193
350,99,18,2025-02-18,ProductPage,View,103
351,65,16,2023-06-19,Homepage,View,18
352,98,7,2025-09-01,ProductPage,View,165
353,19,10,2024-07-13,Homepage,View,60
354,34,3,2023-02-21,Homepage,Click,110
355,97,4,2025-02-18,Homepage,Click,22
356,65,18,2024-01-26,Homepage,View,234
357,11,13,2025-04-02,Homepage,View,174
358,62,11,2023-08-09,Homepage,Click,191
359,2,17,2024-03-16,Homepage,View,141
360,63,18,2023-08-28,Homepage,Click,270
361,96,9,2025-10-30,ProductPage,Drop-off,NULL
362,82,10,2023-05-29,Homepage,View,300
363,80,10,2023-04-07,ProductPage,View,123
364,48,16,2025-09-24,Homepage,View,30
365,6,5,2023-06-04,Checkout,Drop-off,NULL
366,37,2,2025-09-08,Checkout,Drop-off,NULL
367,61,18,2023-03-04,Homepage,View,272
368,26,10,2025-04-28,ProductPage,View,217
369,89,4,2023-03-22,ProductPage,View,192
370,15,15,2025-07-25,ProductPage,View,173
371,71,11,2023-09-28,ProductPage,View,227
372,76,16,2023-01-15,homepage,View,231
373,51,19,2024-04-09,Homepage,Click,219
374,67,13,2023-08-29,ProductPage,Click,114
375,23,2,2025-03-08,Checkout,Purchase,125
376,40,1,2025-05-23,productpage,View,216
377,86,10,2025-06-25,ProductPage,View,99
378,60,1,2023-11-02,ProductPage,View,124
379,92,15,2024-11-25,Checkout,Drop-off,NULL
380,1,11,2023-05-29,Checkout,Drop-off,NULL
381,2,3,2024-03-23,ProductPage,View,187
382,92,19,2025-06-05,ProductPage,View,260
383,55,6,2023-01-03,productpage,View,72
384,2,12,2024-09-24,Checkout,Drop-off,NULL
385,90,2,2025-04-15,ProductPage,View,189
386,37,6,2023-07-31,ProductPage,View,168
387,22,4,2024-12-19,Checkout,Drop-off,NULL
388,40,11,2024-12-02,Homepage,View,11
389,63,4,2023-04-14,ProductPage,View,276
390,74,7,2023-07-16,Checkout,Drop-off,NULL
391,74,13,2025-04-20,Checkout,Drop-off,NULL
392,50,13,2024-03-16,ProductPage,View,50
393,14,5,2024-05-26,ProductPage,View,120
394,39,5,2025-04-16,ProductPage,View,143
395,73,10,2025-08-19,Homepage,View,59
396,62,9,2023-03-14,ProductPage,View,238
397,54,15,2023-03-17,Homepage,Click,239
398,86,17,2025-03-04,Homepage,View,290
399,26,2,2025-08-03,ProductPage,View,108
400,28,12,2024-05-30,Homepage,View,45
401,86,20,2025-04-04,ProductPage,View,203
402,42,4,2024-11-24,Homepage,View,278
403,47,2,2023-03-21,ProductPage,View,112
404,30,13,2023-04-22,Homepage,View,112
405,97,7,2024-08-21,ProductPage,View,40
406,27,7,2025-05-09,ProductPage,View,107
407,79,6,2024-02-26,Homepage,Click,35
408,36,15,2024-01-31,Homepage,Click,182
409,90,17,2025-06-28,Homepage,Click,44
410,71,12,2023-09-13,Homepage,View,38
411,74,19,2023-02-08,Homepage,Click,231
412,3,20,2025-08-08,ProductPage,Click,74
413,29,5,2023-07-09,ProductPage,Click,235
414,24,15,2025-05-06,ProductPage,Drop-off,NULL
415,56,2,2023-10-26,Homepage,View,35
416,34,6,2025-09-24,ProductPage,View,151
417,50,12,2024-02-04,Homepage,View,205
418,97,8,2024-05-04,Checkout,Drop-off,NULL
419,52,7,2023-11-06,Checkout,Drop-off,NULL
420,25,16,2023-09-04,Homepage,Click,204
421,25,2,2023-10-22,ProductPage,Click,269
422,87,6,2024-10-04,Homepage,View,263
423,26,15,2023-06-12,Homepage,Click,121
424,94,10,2023-08-14,Checkout,Purchase,164
425,60,16,2024-11-21,Homepage,Click,287
426,60,20,2025-02-26,ProductPage,Click,158
427,98,2,2023-02-08,Homepage,View,262
428,48,12,2025-12-04,Homepage,View,242
429,100,15,2023-04-02,homepage,Click,97
430,7,20,2025-01-19,ProductPage,Click,63
431,66,12,2025-08-30,ProductPage,Click,229
432,73,3,2023-08-22,ProductPage,Click,27
433,20,18,2025-11-27,ProductPage,Click,205
434,46,4,2023-09-29,Homepage,View,94
435,45,8,2024-12-20,ProductPage,View,134
436,91,20,2024-05-15,ProductPage,View,206
437,43,14,2025-06-08,Homepage,Click,164
438,73,10,2024-11-10,Homepage,Click,45
439,87,12,2024-02-29,Homepage,View,252
440,2,7,2025-10-12,ProductPage,View,187
441,3,5,2023-05-23,ProductPage,View,51
442,74,13,2023-10-25,Homepage,View,164
443,98,5,2023-09-04,Checkout,Drop-off,NULL
444,76,18,2025-01-27,Homepage,Click,220
445,4,3,2025-05-09,ProductPage,Click,235
446,92,13,2024-04-04,Homepage,Click,108
447,64,11,2024-01-15,Checkout,Purchase,65
448,27,4,2023-09-30,ProductPage,View,279
449,15,8,2025-04-10,ProductPage,View,83
450,68,16,2023-11-02,ProductPage,View,20
451,17,14,2025-11-27,Homepage,View,142
452,86,4,2024-10-07,Checkout,Drop-off,NULL
453,49,17,2023-02-13,Homepage,View,188
454,93,3,2023-06-01,Homepage,View,268
455,79,10,2025-04-13,ProductPage,View,126
456,93,20,2023-09-09,Checkout,Drop-off,NULL
457,33,19,2023-09-29,Homepage,Click,71
458,94,2,2025-01-20,Checkout,Purchase,192
459,58,7,2024-10-12,Homepage,View,159
460,45,3,2023-02-17,Homepage,Click,96
461,19,5,2024-09-05,Checkout,Purchase,176
462,59,6,2025-04-14,ProductPage,View,199
463,32,17,2023-02-03,ProductPage,View,185
464,32,1,2023-10-10,ProductPage,View,153
465,27,1,2025-08-26,ProductPage,View,228
466,35,20,2025-07-29,ProductPage,View,200
467,32,3,2025-10-14,ProductPage,View,37
468,3,19,2025-06-25,Homepage,View,215
469,18,16,2025-11-27,ProductPage,View,33
470,76,16,2024-01-23,Homepage,Click,28
471,14,16,2024-02-01,ProductPage,Click,10
472,28,14,2025-03-09,ProductPage,Click,94
473,76,2,2025-03-21,ProductPage,Click,168
474,59,3,2023-03-24,ProductPage,Click,72
475,91,6,2025-02-13,Homepage,Click,90
476,80,4,2024-08-22,Homepage,Click,41
477,94,11,2025-04-10,ProductPage,Click,56
478,80,7,2025-08-27,productpage,Click,225
479,63,17,2023-01-17,ProductPage,Click,296
480,30,12,2025-10-23,Homepage,Click,29
481,43,7,2025-06-17,ProductPage,Click,261
482,72,4,2025-12-14,ProductPage,Click,126
483,86,17,2024-10-02,Homepage,View,153
484,98,7,2023-08-30,Homepage,Click,222
485,100,4,2023-03-05,ProductPage,Click,101
486,91,16,2023-06-17,Homepage,View,226
487,35,19,2023-05-07,Checkout,Drop-off,NULL
488,72,16,2023-08-21,Checkout,Drop-off,NULL
489,57,16,2024-03-23,Homepage,View,266
490,53,13,2025-03-28,ProductPage,View,108
491,77,19,2023-05-14,Checkout,Drop-off,NULL
492,69,20,2025-05-16,productpage,View,186
493,32,7,2024-04-23,Checkout,Drop-off,NULL
494,29,6,2024-10-27,Checkout,Drop-off,NULL
495,43,2,2023-02-04,Checkout,Drop-off,NULL
496,76,20,2024-12-08,homepage,Click,66
497,55,15,2024-05-18,Homepage,View,83
498,33,20,2024-09-21,Checkout,Drop-off,NULL
499,95,18,2024-01-24,ProductPage,View,112
500,29,8,2025-07-31,Homepage,Click,277
501,57,17,2023-10-19,Homepage,View,14
502,10,3,2023-08-19,ProductPage,View,134
503,35,9,2023-02-18,homepage,Click,239
504,4,13,2025-02-08,Homepage,Click,281
505,15,11,2023-02-16,Homepage,Click,167
506,100,17,2023-08-20,Homepage,View,69
507,90,17,2025-01-02,ProductPage,View,259
508,48,15,2024-09-13,ProductPage,View,64
509,42,16,2025-11-27,ProductPage,View,53
510,14,14,2023-12-21,Checkout,Drop-off,NULL
511,65,3,2025-05-23,ProductPage,View,40
512,67,11,2025-11-04,Homepage,Click,229
513,91,17,2024-04-18,ProductPage,Click,195
514,24,3,2024-06-18,productpage,Click,38
515,49,3,2025-05-23,Homepage,View,231
516,14,15,2023-09-26,Checkout,Drop-off,NULL
517,55,10,2025-01-07,Homepage,View,19
518,89,12,2023-07-09,Homepage,View,56
519,99,1,2024-03-14,ProductPage,View,206
520,42,16,2025-07-13,Checkout,Drop-off,NULL
521,12,13,2024-03-25,Checkout,Drop-off,NULL
522,78,19,2023-06-15,Homepage,View,101
523,85,2,2025-10-08,Homepage,Click,240
524,34,13,2023-04-12,Homepage,View,65
525,34,10,2023-07-24,ProductPage,View,61
526,87,9,2025-05-17,Checkout,Drop-off,NULL
527,66,14,2025-06-20,ProductPage,View,33
528,38,6,2024-11-19,ProductPage,View,156
529,83,14,2025-09-20,ProductPage,View,173
530,76,8,2023-03-06,Homepage,View,159
531,20,3,2025-05-22,Homepage,Click,264
532,98,12,2023-06-11,ProductPage,Click,278
533,33,11,2023-01-29,Checkout,Purchase,84
534,59,7,2025-01-16,Homepage,Click,224
535,4,7,2025-03-31,Homepage,View,135
536,55,17,2025-06-30,ProductPage,View,272
537,52,6,2025-04-01,productpage,View,291
538,25,9,2024-04-11,Homepage,View,232
539,18,1,2023-02-27,productpage,View,139
540,28,6,2024-05-27,Homepage,Click,122
541,70,1,2023-11-12,Checkout,Purchase,194
542,43,2,2023-05-02,Homepage,View,16
543,7,7,2024-06-26,Checkout,Drop-off,NULL
544,58,3,2024-04-20,ProductPage,View,89
545,81,19,2024-02-24,Homepage,View,248
546,77,2,2025-03-21,Homepage,View,257
547,15,7,2023-05-24,ProductPage,View,13
548,84,17,2023-04-09,Homepage,View,254
549,50,4,2023-08-18,Homepage,View,110
550,77,14,2025-06-14,Checkout,Drop-off,NULL
551,94,11,2023-06-22,Homepage,Click,115
552,93,7,2023-10-27,Homepage,Click,146
553,39,16,2024-05-18,Homepage,Click,119
554,95,7,2023-03-17,Homepage,View,266
555,53,5,2023-09-14,Homepage,View,247
556,97,12,2024-08-15,ProductPage,View,111
557,8,12,2025-07-16,Checkout,Drop-off,NULL
558,42,17,2024-03-31,Checkout,Drop-off,NULL
559,88,7,2025-12-11,Checkout,Drop-off,NULL
560,53,8,2024-12-05,ProductPage,View,129
561,1,20,2025-07-04,Homepage,Click,225
562,17,20,2024-02-04,Homepage,Click,46
563,65,20,2023-08-18,ProductPage,Click,283
564,19,16,2025-06-02,ProductPage,Click,252
565,26,2,2023-11-16,Homepage,Click,64
566,25,12,2025-09-27,Checkout,Purchase,188
567,97,10,2025-09-02,homepage,View,105
568,95,3,2023-07-25,Homepage,View,155
569,4,9,2025-05-09,ProductPage,View,54
570,29,5,2025-11-25,ProductPage,View,193
571,10,15,2025-01-05,Homepage,View,48
572,36,20,2024-03-07,Homepage,View,26
573,50,13,2024-05-19,Checkout,Drop-off,NULL
574,69,6,2023-10-05,Homepage,View,56
575,98,20,2023-01-30,Homepage,Click,72
576,97,17,2025-08-13,ProductPage,Click,68
577,1,1,2025-12-17,Homepage,Click,115
578,84,18,2025-04-17,Checkout,Purchase,109
579,76,6,2024-02-18,homepage,View,55
580,90,16,2025-01-04,Homepage,Click,237
581,99,9,2023-02-11,ProductPage,Click,48
582,59,2,2024-06-06,ProductPage,Click,61
583,73,15,2023-10-24,Homepage,View,96
584,75,7,2023-03-19,Homepage,View,167
585,2,9,2023-01-12,Homepage,View,250
586,68,5,2024-08-06,Homepage,View,214
587,73,20,2025-01-19,Homepage,Click,210
588,49,4,2025-09-28,Checkout,Purchase,178
589,93,11,2024-11-11,Homepage,View,190
590,34,10,2024-05-25,Homepage,View,124
591,52,6,2023-06-29,Homepage,Click,171
592,53,14,2023-03-20,ProductPage,Click,250
593,68,11,2024-01-20,Checkout,Purchase,201
594,55,1,2025-05-27,Homepage,Click,88
595,100,8,2025-04-17,homepage,Click,95
596,54,20,2024-03-16,ProductPage,Click,18
597,69,16,2025-03-24,productpage,Click,280
598,68,1,2025-09-26,Homepage,View,135
599,80,16,2025-11-12,homepage,View,229
600,21,11,2023-03-16,Homepage,View,123
601,67,1,2024-01-01,ProductPage,View,15
602,13,13,2024-11-05,Homepage,View,98
603,59,7,2025-05-14,Homepage,View,214
604,45,16,2025-07-30,productpage,View,261
605,91,4,2025-07-27,ProductPage,View,252
606,74,3,2023-04-26,ProductPage,View,108
607,38,18,2023-12-10,Checkout,Drop-off,NULL
608,74,3,2024-12-10,ProductPage,View,201
609,36,14,2023-12-23,ProductPage,View,117
610,13,6,2023-02-24,Checkout,Drop-off,NULL
611,11,13,2025-08-30,ProductPage,View,196
612,75,4,2025-05-26,ProductPage,View,106
613,10,7,2023-10-17,Homepage,View,245
614,52,3,2025-10-10,Homepage,Click,170
615,44,11,2025-11-28,Homepage,Click,245
616,64,16,2023-03-07,Checkout,Purchase,214
617,69,8,2024-08-21,ProductPage,View,228
618,34,20,2024-10-07,Homepage,View,103
619,23,10,2023-03-21,ProductPage,View,300
620,99,1,2024-07-05,ProductPage,View,226
621,66,8,2023-08-11,Homepage,View,137
622,72,8,2023-07-19,Homepage,View,169
623,58,20,2024-01-23,ProductPage,View,184
624,46,17,2024-02-17,Homepage,View,33
625,57,1,2023-06-15,ProductPage,View,198
626,75,10,2023-09-16,Checkout,Drop-off,NULL
627,94,7,2024-09-09,ProductPage,View,271
628,38,3,2024-02-08,Checkout,Drop-off,NULL
629,96,2,2025-10-09,ProductPage,View,196
630,63,7,2025-03-14,Homepage,Click,134
631,30,4,2025-09-28,Homepage,View,221
632,53,3,2024-07-11,Homepage,View,227
633,30,3,2023-02-26,Checkout,Drop-off,NULL
634,84,5,2025-12-20,homepage,Click,198
635,87,1,2025-04-16,Checkout,Purchase,93
636,18,12,2023-07-19,Checkout,Drop-off,NULL
637,12,20,2024-08-26,Homepage,View,122
638,46,11,2023-01-27,Homepage,Click,244
639,31,7,2024-06-21,ProductPage,Click,283
640,61,15,2024-11-12,ProductPage,Click,255
641,88,3,2023-12-15,Homepage,Click,61
642,16,15,2025-11-16,ProductPage,Click,248
643,59,16,2023-02-15,ProductPage,Click,136
644,67,10,2024-05-05,Homepage,Click,95
645,76,2,2023-06-19,Checkout,Purchase,108
646,68,20,2025-11-04,Homepage,View,62
647,15,2,2024-09-22,Homepage,View,96
648,93,20,2025-01-13,homepage,View,205
649,63,16,2025-12-12,Homepage,View,24
650,10,8,2025-06-17,Homepage,View,257
651,97,13,2024-06-07,ProductPage,View,13
652,95,9,2023-03-31,Homepage,Click,175
653,18,16,2024-04-19,productpage,Click,147
654,56,17,2024-03-12,ProductPage,Click,267
655,74,5,2024-02-11,ProductPage,Click,194
656,84,2,2025-10-31,ProductPage,Drop-off,NULL
657,55,13,2023-04-08,ProductPage,View,105
658,92,9,2023-07-01,ProductPage,View,29
659,70,17,2025-05-20,Checkout,Drop-off,NULL
660,38,4,2024-01-29,Homepage,View,172
661,68,12,2025-04-26,ProductPage,View,149
662,73,6,2023-04-26,ProductPage,View,195
663,72,6,2025-06-16,Checkout,Drop-off,NULL
664,41,18,2025-01-30,ProductPage,View,59
665,64,19,2025-03-24,Homepage,View,114
666,67,13,2025-03-24,Homepage,View,172
667,55,1,2023-01-28,ProductPage,View,204
668,92,3,2023-04-19,checkout,Drop-off,NULL
669,52,5,2023-03-01,Homepage,View,173
670,15,18,2024-02-28,productpage,View,88
671,13,8,2023-12-12,homepage,View,263
672,23,11,2024-06-15,Homepage,Click,26
673,80,1,2023-04-02,Homepage,View,169
674,90,12,2024-06-03,Homepage,Click,83
675,35,4,2024-01-03,Homepage,View,268
676,67,8,2023-01-15,ProductPage,View,91
677,83,8,2025-12-23,Homepage,Click,262
678,48,19,2025-08-30,Homepage,Click,161
679,97,14,2023-08-19,Checkout,Purchase,156
680,86,13,2023-10-03,Checkout,Drop-off,NULL
681,81,16,2023-01-15,Homepage,Click,290
682,5,4,2023-04-20,ProductPage,Click,127
683,35,19,2024-04-28,Homepage,View,221
684,61,2,2023-05-27,Checkout,Drop-off,NULL
685,1,12,2023-07-11,Homepage,View,22
686,68,4,2024-07-29,Homepage,View,90
687,90,6,2023-09-24,Homepage,View,10
688,18,7,2025-05-06,Homepage,View,23
689,23,5,2024-01-09,Checkout,Drop-off,NULL
690,47,20,2023-01-29,Checkout,Drop-off,NULL
691,42,1,2025-04-29,ProductPage,View,196
692,20,8,2023-04-19,ProductPage,View,16
693,98,16,2025-04-27,ProductPage,View,242
694,83,10,2025-10-03,ProductPage,View,138
695,37,3,2025-08-31,Homepage,View,268
696,61,16,2023-04-19,ProductPage,View,179
697,44,15,2024-09-09,Checkout,Drop-off,NULL
698,75,5,2025-01-19,ProductPage,View,287
699,39,15,2024-01-31,Homepage,View,168
700,77,20,2023-09-21,Checkout,Drop-off,NULL
701,60,1,2024-12-05,ProductPage,View,163
702,13,2,2023-01-28,ProductPage,View,161
703,60,16,2023-08-30,Homepage,View,23
704,14,13,2023-08-24,Checkout,Drop-off,NULL
705,26,2,2025-01-01,ProductPage,View,124
706,96,1,2025-05-18,Homepage,View,98
707,69,4,2024-02-29,Homepage,Click,199
708,63,16,2023-11-24,Homepage,Click,145
709,6,13,2024-04-28,Homepage,Click,196
710,82,19,2024-07-28,Homepage,View,252
711,87,6,2023-07-11,ProductPage,View,108
712,56,17,2025-09-06,Homepage,Click,26
713,45,15,2025-10-06,Homepage,View,22
714,86,18,2024-04-23,ProductPage,View,183
715,87,4,2025-07-03,Homepage,View,69
716,93,6,2023-06-29,ProductPage,View,35
717,33,11,2023-06-20,Checkout,Drop-off,NULL
718,60,13,2023-09-22,Homepage,Click,179
719,91,18,2024-02-18,Homepage,View,182
720,16,11,2023-09-03,Homepage,View,195
721,68,9,2024-02-14,ProductPage,View,163
722,48,6,2024-08-04,ProductPage,View,14
723,80,7,2024-05-09,Homepage,View,258
724,26,19,2024-08-25,Homepage,Click,286
725,58,16,2025-04-28,ProductPage,Click,45
726,32,2,2024-12-03,homepage,Click,118
727,48,19,2023-02-15,Homepage,View,98
728,29,19,2024-09-12,Homepage,View,159
729,59,13,2023-01-21,ProductPage,View,139
730,23,13,2023-06-10,Checkout,Drop-off,NULL
731,30,9,2023-06-18,productpage,View,49
732,68,16,2023-03-12,ProductPage,View,213
733,83,16,2023-09-28,ProductPage,View,262
734,73,12,2023-01-28,Homepage,View,175
735,73,17,2024-08-17,homepage,View,254
736,24,3,2024-12-25,ProductPage,View,226
737,46,14,2024-09-05,Checkout,Drop-off,NULL
738,73,3,2025-11-16,ProductPage,View,274
739,32,7,2023-05-28,Checkout,Drop-off,NULL
740,66,6,2025-05-03,Homepage,Click,16
741,49,1,2025-11-04,ProductPage,Click,35
742,8,9,2023-06-04,Homepage,View,79
743,20,17,2025-04-07,ProductPage,View,283
744,78,1,2024-06-27,Checkout,Drop-off,NULL
745,44,1,2023-06-15,Homepage,Click,115
746,32,20,2024-08-25,Homepage,View,127
747,61,10,2025-12-28,Homepage,View,184
748,10,16,2023-11-16,Homepage,View,246
749,86,17,2023-06-18,Checkout,Drop-off,NULL
750,26,8,2025-02-19,Checkout,Drop-off,NULL
751,39,3,2024-05-20,Checkout,Drop-off,NULL
752,71,20,2024-06-29,Homepage,View,178
753,62,5,2025-09-05,Homepage,View,84
754,23,2,2025-08-17,Homepage,View,168
755,87,4,2023-07-15,ProductPage,View,111
756,13,3,2024-08-20,Checkout,Drop-off,NULL
757,65,4,2025-07-04,Homepage,View,153
758,39,19,2024-06-07,Checkout,Drop-off,NULL
759,25,19,2024-10-31,ProductPage,View,87
760,14,3,2024-04-22,ProductPage,View,227
761,68,11,2025-08-06,Checkout,Drop-off,NULL
762,1,19,2024-06-07,Checkout,Drop-off,NULL
763,84,7,2023-05-10,ProductPage,View,15
764,28,6,2023-07-28,Homepage,View,271
765,70,3,2024-05-28,ProductPage,View,87
766,15,7,2025-07-04,Checkout,Drop-off,NULL
767,32,20,2024-06-13,homepage,View,191
768,70,19,2025-12-20,checkout,Drop-off,NULL
769,60,5,2025-03-21,Homepage,View,12
770,62,1,2025-02-02,Homepage,Click,113
771,67,10,2024-12-11,productpage,Drop-off,NULL
772,45,12,2024-05-22,ProductPage,View,252
773,28,10,2025-02-10,ProductPage,View,102
774,76,3,2024-09-23,Checkout,Drop-off,NULL
775,75,4,2023-07-10,ProductPage,View,224
776,83,16,2025-07-21,Checkout,Drop-off,NULL
777,81,17,2024-06-08,Homepage,View,210
778,25,10,2025-02-19,ProductPage,View,264
779,18,1,2024-02-29,Homepage,Click,113
780,67,4,2024-01-03,ProductPage,Click,131
781,99,2,2024-07-14,Homepage,Click,233
782,94,7,2024-07-10,Homepage,View,230
783,76,6,2025-02-08,Homepage,View,22
784,96,16,2024-09-20,Homepage,View,13
785,21,14,2024-03-31,Checkout,Drop-off,NULL
786,38,8,2024-01-04,Checkout,Drop-off,NULL
787,13,2,2024-03-23,ProductPage,View,118
788,96,13,2025-11-01,Checkout,Drop-off,NULL
789,12,7,2023-10-22,Homepage,Click,246
790,81,9,2023-12-03,Homepage,Click,187
791,69,5,2025-06-14,Homepage,View,111
792,72,4,2024-12-29,Homepage,View,294
793,22,13,2025-09-24,Homepage,View,238
794,57,7,2025-09-14,Checkout,Drop-off,NULL
795,64,1,2023-01-13,Homepage,View,118
796,34,14,2024-06-06,ProductPage,View,277
797,85,10,2023-10-31,Checkout,Drop-off,NULL
798,38,18,2023-11-30,Checkout,Drop-off,NULL
799,95,8,2024-05-26,Homepage,View,204
800,97,1,2023-04-05,Checkout,Drop-off,NULL
801,42,17,2025-03-02,ProductPage,View,282
802,61,8,2025-05-06,Homepage,View,257
803,79,9,2025-10-07,ProductPage,View,292
804,69,1,2024-10-02,ProductPage,View,226
805,99,7,2024-12-21,Homepage,View,137
806,39,15,2025-11-05,ProductPage,View,166
807,8,16,2024-06-07,Homepage,Click,94
808,24,16,2025-04-30,ProductPage,Click,276
809,27,17,2025-05-06,Checkout,Purchase,196
810,37,18,2023-12-26,ProductPage,View,87
811,30,6,2024-08-18,Homepage,View,55
812,49,9,2023-11-26,Homepage,View,191
813,23,1,2023-04-06,Checkout,Drop-off,NULL
814,53,10,2025-07-11,Homepage,Click,63
815,100,10,2023-07-18,Checkout,Purchase,167
816,1,20,2023-12-17,Homepage,Click,71
817,98,2,2024-12-23,checkout,Purchase,46
818,80,3,2023-04-24,Homepage,View,206
819,24,9,2025-01-25,Homepage,Click,144
820,19,1,2024-03-24,Homepage,Click,90
821,96,12,2024-07-28,Checkout,Purchase,82
822,84,12,2025-05-19,Homepage,Click,211
823,95,10,2024-01-18,Checkout,Purchase,279
824,73,4,2025-04-03,ProductPage,View,130
825,22,4,2025-10-31,ProductPage,View,80
826,18,4,2024-10-23,ProductPage,View,27
827,78,20,2024-10-23,ProductPage,View,68
828,84,3,2025-04-09,Checkout,Drop-off,NULL
829,8,8,2023-03-21,Homepage,Click,295
830,61,19,2024-04-27,Homepage,Click,223
831,42,3,2025-02-17,Homepage,View,257
832,2,15,2023-11-26,ProductPage,View,14
833,10,13,2024-09-07,Homepage,View,223
834,79,15,2024-10-19,ProductPage,View,12
835,87,1,2024-09-30,ProductPage,View,84
836,54,8,2025-02-22,ProductPage,View,94
837,64,10,2025-10-02,Homepage,Click,233
838,82,13,2023-01-05,ProductPage,Click,267
839,40,4,2023-08-13,Homepage,View,59
840,70,17,2025-04-10,ProductPage,View,231
841,27,6,2025-10-18,ProductPage,View,244
842,34,9,2025-01-30,Homepage,View,39
843,12,10,2023-08-08,ProductPage,View,30
844,82,16,2023-08-09,ProductPage,View,162
845,68,20,2025-08-05,Homepage,Click,236
846,43,10,2024-03-21,Homepage,View,99
847,47,10,2025-08-20,Checkout,Drop-off,NULL
848,83,16,2024-01-03,Checkout,Drop-off,NULL
849,21,15,2025-09-27,Homepage,View,177
850,5,15,2023-08-04,ProductPage,View,87
851,88,10,2023-08-10,Homepage,View,195
852,12,9,2024-10-14,checkout,Drop-off,NULL
853,69,12,2024-11-02,ProductPage,View,91
854,59,8,2023-08-12,ProductPage,View,40
855,96,1,2025-02-20,Homepage,View,129
856,77,5,2024-12-09,Homepage,View,75
857,51,13,2023-07-18,checkout,Drop-off,NULL
858,25,7,2023-06-12,Checkout,Drop-off,NULL
859,27,4,2023-07-11,homepage,Click,249
860,37,8,2025-04-29,Checkout,Drop-off,NULL
861,86,4,2024-12-18,Homepage,View,200
862,46,9,2024-07-05,Homepage,View,269
863,43,6,2023-08-13,ProductPage,View,208
864,89,19,2023-06-28,Checkout,Drop-off,NULL
865,78,1,2023-06-19,ProductPage,View,65
866,17,19,2024-01-01,Homepage,View,204
867,10,4,2024-01-11,Homepage,View,219
868,29,4,2025-11-25,Homepage,Click,41
869,81,6,2023-11-13,ProductPage,Click,87
870,16,16,2025-08-21,ProductPage,Click,35
871,60,19,2024-07-21,ProductPage,Click,57
872,85,19,2024-11-05,ProductPage,Click,61
873,52,15,2023-04-04,ProductPage,Click,74
874,20,4,2024-12-17,Checkout,Purchase,296
875,90,17,2023-01-25,Checkout,Drop-off,NULL
876,32,17,2025-02-04,Homepage,View,211
877,2,14,2025-11-14,Checkout,Drop-off,NULL
878,68,7,2023-06-14,ProductPage,View,67
879,64,15,2023-03-20,checkout,Drop-off,NULL
880,85,2,2023-05-18,Homepage,Click,93
881,97,9,2024-03-16,Checkout,Purchase,180
882,54,16,2023-11-28,ProductPage,View,56
883,34,20,2023-04-01,ProductPage,View,276
884,49,19,2025-01-30,Checkout,Drop-off,NULL
885,76,4,2025-08-04,Checkout,Drop-off,NULL
886,48,9,2023-02-26,Homepage,View,237
887,62,7,2023-01-23,Checkout,Drop-off,NULL
888,20,8,2025-09-04,ProductPage,View,123
889,87,5,2024-09-13,Homepage,View,27
890,92,10,2023-09-13,Homepage,Click,259
891,58,17,2025-02-26,Homepage,View,182
892,32,11,2024-06-17,Homepage,View,118
893,53,12,2025-03-26,ProductPage,View,176
894,63,2,2024-08-20,Homepage,Click,193
895,27,13,2025-10-05,Homepage,View,232
896,8,16,2023-06-26,productpage,View,273
897,19,1,2024-05-07,Homepage,View,236
898,94,15,2025-10-14,Homepage,Click,95
899,44,9,2024-10-05,Checkout,Purchase,170
900,68,9,2023-05-01,Homepage,View,119
901,95,20,2023-05-11,Checkout,Drop-off,NULL
902,57,8,2023-09-08,Homepage,View,159
903,38,13,2024-07-03,Homepage,View,270
904,50,8,2023-06-13,Homepage,Click,200
905,92,6,2024-10-04,Homepage,View,97
906,55,1,2024-05-04,Homepage,View,89
907,28,17,2025-11-30,ProductPage,View,180
908,45,7,2023-07-12,ProductPage,View,107
909,55,12,2023-11-20,Checkout,Drop-off,NULL
910,85,11,2023-09-26,ProductPage,View,33
911,57,20,2023-01-23,Homepage,View,209
912,51,15,2025-03-08,Homepage,Click,176
913,60,12,2025-04-16,Homepage,View,265
914,53,16,2024-12-30,Checkout,Drop-off,NULL
915,69,18,2025-07-16,ProductPage,View,276
916,49,18,2024-10-29,Homepage,Click,187
917,4,19,2023-10-08,ProductPage,Click,55
918,92,9,2024-01-19,Checkout,Drop-off,NULL
919,24,3,2024-07-10,ProductPage,View,158
920,20,11,2025-12-04,Checkout,Drop-off,NULL
921,57,10,2025-01-28,homepage,View,156
922,4,4,2024-08-02,ProductPage,View,178
923,68,9,2023-06-03,Homepage,Click,288
924,35,20,2023-04-27,Homepage,Click,70
925,36,7,2024-07-10,Homepage,View,82
926,20,1,2024-01-27,Homepage,Click,79
927,87,6,2025-07-12,Homepage,Click,295
928,73,4,2025-01-19,ProductPage,Click,17
929,79,19,2023-03-01,Homepage,View,218
930,36,7,2023-09-06,ProductPage,View,149
931,88,2,2023-11-14,Homepage,View,194
932,72,7,2025-05-03,Homepage,Click,98
933,67,1,2024-12-02,ProductPage,Click,237
934,47,20,2023-08-02,ProductPage,Click,85
935,48,3,2025-07-02,ProductPage,Click,55
936,43,11,2023-07-27,ProductPage,Click,52
937,87,4,2025-08-24,Homepage,Click,61
938,88,18,2024-09-24,ProductPage,Click,187
939,28,14,2024-02-04,ProductPage,Click,226
940,84,18,2023-01-21,Homepage,View,286
941,83,5,2023-04-16,Homepage,View,125
942,59,14,2023-02-26,Checkout,Drop-off,NULL
943,81,4,2024-03-19,Checkout,Drop-off,NULL
944,79,11,2023-05-30,ProductPage,View,79
945,79,5,2024-12-07,ProductPage,View,261
946,55,7,2024-04-20,homepage,Click,224
947,98,3,2024-01-15,productpage,Click,38
948,30,7,2025-03-24,ProductPage,Click,27
949,54,19,2025-01-07,Homepage,Click,138
950,35,14,2023-04-07,Checkout,Purchase,171
951,36,13,2024-05-17,Checkout,Drop-off,NULL
952,6,11,2024-02-05,Checkout,Drop-off,NULL
953,59,9,2024-09-28,Homepage,View,136
954,79,17,2024-05-15,Homepage,Click,16
955,33,19,2025-05-08,Checkout,Purchase,260
956,90,12,2025-01-13,ProductPage,View,62
957,98,15,2023-08-07,ProductPage,View,219
958,44,6,2023-04-26,Homepage,Click,235
959,21,4,2023-07-12,Homepage,View,16
960,60,1,2025-02-09,Checkout,Drop-off,NULL
961,69,8,2024-11-19,ProductPage,View,278
962,34,18,2024-06-09,Homepage,Click,211
963,50,11,2024-08-23,Checkout,Purchase,114
964,20,2,2024-12-10,ProductPage,View,140
965,13,14,2023-12-07,Checkout,Drop-off,NULL
966,62,6,2025-01-04,Checkout,Drop-off,NULL
967,60,9,2023-06-07,Checkout,Drop-off,NULL
968,45,9,2024-06-20,Homepage,Click,10
969,48,11,2024-02-28,Checkout,Purchase,174
970,22,19,2023-08-19,Homepage,View,199
971,100,14,2024-09-20,ProductPage,View,100
972,100,9,2023-02-28,Checkout,Drop-off,NULL
973,91,7,2024-08-04,Homepage,View,82
974,61,5,2025-06-21,Homepage,Click,138
975,25,18,2025-08-18,Homepage,Click,134
976,76,5,2023-07-05,Homepage,View,187
977,58,4,2023-01-22,ProductPage,View,294
978,59,13,2025-09-07,Checkout,Drop-off,NULL
979,30,8,2023-04-20,Homepage,Click,13
980,95,7,2023-02-11,Checkout,Purchase,119
981,63,14,2023-10-01,Homepage,View,292
982,33,20,2023-05-30,Homepage,Click,78
983,76,7,2024-08-21,productpage,Click,154
984,57,14,2024-01-01,homepage,Click,200
985,20,3,2025-01-13,ProductPage,Click,283
986,65,12,2024-04-13,ProductPage,Click,141
987,19,10,2024-08-03,Homepage,View,227
988,39,5,2025-03-18,Homepage,Click,296
989,77,19,2025-10-26,ProductPage,Click,157
990,82,8,2024-03-03,Homepage,View,120
991,11,4,2023-10-22,ProductPage,View,273
992,84,15,2024-01-27,ProductPage,View,49
993,44,16,2023-06-19,Homepage,Click,153
994,93,3,2024-03-09,Homepage,View,288
995,8,17,2025-09-29,ProductPage,View,135
996,54,4,2023-12-18,Homepage,Click,197
997,88,1,2024-02-20,ProductPage,Click,84
998,38,19,2023-11-11,Homepage,View,127
999,41,17,2024-11-23,ProductPage,View,290
1000,69,8,2023-11-22,Homepage,Click,272
